<?xml version="1.0" encoding="UTF-8"?>
<window>
  <defaultcontrol always="true">10</defaultcontrol>
  <include>OpenClose</include>
  <coordinates>
    <origin x="0" y="0" />
  </coordinates>
  <controls>
    <include>DimBG</include>
    <control type="group" description="Content">
      <include>DialogOpenClose</include>
      <posx>384</posx>
      <posy>240</posy>
      <width>1304</width>
      <height>750</height>
      <control type="image">
        <description>background image</description>
        <posx>-252</posx>
        <posy>0</posy>
        <width>1655</width>
        <height>536</height>
        <texture border="300,0,0,0">dialogs/SetContentBG.png</texture>
      </control>
      <control type="label" description="Album title">
        <posx>-230</posx>
        <posy>80</posy>
        <width>837</width>
        <height>60</height>
        <textcolor>Highlight</textcolor>
        <textoffsetx>30</textoffsetx>
        <label>$INFO[ListItem.TrackNumber,,. ]$INFO[ListItem.Title]</label>
      </control>
      <control type="label" description="Album title">
        <posx>-230</posx>
        <posy>140</posy>
        <width>837</width>
        <height>60</height>
        <textoffsetx>30</textoffsetx>
        <label>$LOCALIZE[558]: $INFO[ListItem.Album]</label>
      </control>
      <control type="label" description="Artist">
        <posx>-230</posx>
        <posy>190</posy>
        <width>909</width>
        <height>60</height>
        <textoffsetx>30</textoffsetx>
        <label>$LOCALIZE[557]: $INFO[ListItem.Artist]</label>
      </control>
      <control type="label" description="Artist">
        <posx>-230</posx>
        <posy>240</posy>
        <width>909</width>
        <height>60</height>
        <textoffsetx>30</textoffsetx>
        <label>$LOCALIZE[515]: $INFO[ListItem.Genre]</label>
      </control>
      <control type="label" description="Artist">
        <posx>-230</posx>
        <posy>290</posy>
        <width>909</width>
        <height>60</height>
        <textoffsetx>30</textoffsetx>
        <label>$LOCALIZE[562]: $INFO[ListItem.Year]</label>
      </control>
      <control type="label" description="Artist">
        <posx>-230</posx>
        <posy>350</posy>
        <width>909</width>
        <height>60</height>
        <font>Slider</font>
        <textcolor>Highlight</textcolor>
        <textoffsetx>30</textoffsetx>
        <label>$INFO[ListItem.FileExtension]</label>
      </control>
      <control type="label" description="location">
        <posx>-230</posx>
        <posy>420</posy>
        <width>909</width>
        <height>60</height>
        <textoffsetx>30</textoffsetx>
        <font>ItemCount</font>
        <textcolor>Grey</textcolor>
        <label>$INFO[ListItem.Path]</label>
      </control>
      <control type="image" description="Icon">
        <posx>692</posx>
        <posy>61</posy>
        <width>333</width>
        <height>333</height>
        <texture>$INFO[ListItem.Icon]</texture>
        <bordertexture border="3">thumbs/ThumbBorder3.png</bordertexture>
        <bordersize>1</bordersize>
      </control>
      <control type="image" description="Stars">
        <posx>772</posx>
        <posy>434</posy>
        <width>174</width>
        <height>30</height>
        <texture>$INFO[ListItem.StarRating]</texture>
      </control>
      <control type="group" description="Right side">
        <posx>1037</posx>
        <posy>0</posy>
        <control type="button" id="14" description="Decrease Rating">
          <posy>120</posy>
          <width>315</width>
          <label>$LOCALIZE[563] -</label>
          <onclick>DecreaseRating</onclick>
          <onup>10</onup>
          <ondown>15</ondown>
        </control>
        <control type="button" id="15" description="Increase Rating">
          <posy>180</posy>
          <width>315</width>
          <label>$LOCALIZE[563] +</label>
          <onclick>IncreaseRating</onclick>
          <onup>14</onup>
          <ondown>12</ondown>
        </control>
        <control type="button" id="12" description="album">
          <posy>240</posy>
          <width>315</width>
          <label>$LOCALIZE[558]</label>
          <onup>15</onup>
          <ondown>13</ondown>
        </control>
        <control type="button" id="13" description="get thumb">
          <posy>300</posy>
          <width>315</width>
          <label>$LOCALIZE[13405]</label>
          <onup>12</onup>
          <ondown>11</ondown>
        </control>
        <control type="button" id="11" description="cancel">
          <posy>360</posy>
          <width>315</width>
          <label>$LOCALIZE[222]</label>
          <onup>13</onup>
          <ondown>10</ondown>
        </control>
        <control type="button" id="10" description="OK">
          <posy>420</posy>
          <width>315</width>
          <label>$LOCALIZE[186]</label>
          <onup>11</onup>
          <ondown>14</ondown>
        </control>
      </control>
    </control>
  </controls>
</window>