<?xml version="1.0" encoding="UTF-8"?>
<includes>
  <include name="List_Layout">
    <itemlayout condition="![Container.content(seasons) | Container.content(MusicVideos) | Container.Content(movies) | container.content(tvshows) | container.content(episodes)]" height="72" width="1210">
      <control type="image">
        <posx>0</posx>
        <posy>0</posy>
        <height>73</height>
        <width>1210</width>
        <texture flipy="true" border="3">list/ListNF.png</texture>
      </control>
      <control type="label">
        <posx>25</posx>
        <posy>0</posy>
        <width>900</width>
        <height>72</height>
        <scroll>false</scroll>
        <label>$INFO[ListItem.Label]</label>
      </control>
      <control type="label">
        <right>90</right>
        <posy>0</posy>
        <width>400</width>
        <height>72</height>
        <scroll>false</scroll>
        <font>ListDetails</font>
        <textcolor>Grey</textcolor>
        <align>right</align>
        <label>$INFO[ListItem.Label2]</label>
      </control>
      <include>ListWatchedOverlay</include>
    </itemlayout>
    <focusedlayout condition="![Container.content(seasons) | Container.content(MusicVideos) | Container.Content(movies) | container.content(tvshows) | container.content(episodes)]" height="72" width="1210">
      <control type="image">
        <posx>0</posx>
        <posy>0</posy>
        <height>73</height>
        <width>1210</width>
        <texture flipy="true" border="3">list/ListNF.png</texture>
      </control>
      <control type="image">
        <posx>0</posx>
        <posy>1</posy>
        <width>1210</width>
        <height>69</height>
        <texture>list/ListFO.png</texture>
      </control>
      <control type="label">
        <posx>25</posx>
        <posy>0</posy>
        <width>900</width>
        <height>72</height>
        <scroll>false</scroll>
        <label>$INFO[ListItem.Label]</label>
      </control>
      <control type="label">
        <right>90</right>
        <posy>0</posy>
        <width>400</width>
        <height>72</height>
        <scroll>false</scroll>
        <font>ListDetails</font>
        <textcolor>Grey2</textcolor>
        <align>right</align>
        <label>$INFO[ListItem.Label2]</label>
      </control>
      <include>ListWatchedOverlay</include>
    </focusedlayout>
    <itemlayout condition="Container.content(seasons) | Container.content(MusicVideos) | Container.Content(movies) | container.content(tvshows) | [Control.IsVisible(54) + container.content(episodes)]" height="72" width="1210">
      <control type="image" description="BG">
        <posy>0</posy>
        <posx>570</posx>
        <width>640</width>
        <height>73</height>
        <texture flipy="true" border="3">list/ListNF.png</texture>
      </control>
      <control type="label" description="Main Label">
        <posx>589</posx>
        <height>72</height>
        <width>520</width>
        <scroll>false</scroll>
        <label>$INFO[ListItem.Label]</label>
      </control>
      <include>ListWatchedOverlay</include>
    </itemlayout>
    <focusedlayout condition="Container.content(seasons) | Container.content(MusicVideos) | Container.Content(movies) | container.content(tvshows) | [Control.IsVisible(54) + container.content(episodes)]" height="72" width="1210">
      <control type="image" description="BG">
        <posx>570</posx>
        <width>640</width>
        <height>73</height>
        <texture flipy="true" border="3">list/ListNF.png</texture>
      </control>
      <control type="image" description="BG">
        <posx>570</posx>
        <posy>0</posy>
        <width>640</width>
        <height>69</height>
        <texture>list/ListFO.png</texture>
      </control>
      <control type="label" description="Main Label">
        <posx>589</posx>
        <height>72</height>
        <width>520</width>
        <label>$INFO[ListItem.Label]</label>
      </control>
      <include>ListWatchedOverlay</include>
    </focusedlayout>
    <itemlayout condition="Control.IsVisible(50) + Container.Content(episodes)" height="72" width="1210">
      <control type="image" description="BG">
        <posx>200</posx>
        <width>1010</width>
        <height>73</height>
        <texture flipy="true" border="3">list/ListNF.png</texture>
      </control>
      <control type="label" description="Main Label">
        <posx>219</posx>
        <height>72</height>
        <width>920</width>
        <scroll>false</scroll>
        <label>$INFO[ListItem.Label]</label>
      </control>
      <include>ListWatchedOverlay</include>
    </itemlayout>
    <focusedlayout condition="Control.IsVisible(50) + Container.Content(episodes)" height="72" width="1210">
      <control type="image" description="BG">
        <posx>200</posx>
        <width>1010</width>
        <height>73</height>
        <texture flipy="true" border="3">list/ListNF.png</texture>
      </control>
      <control type="image" description="BG">
        <posx>200</posx>
        <posy>1</posy>
        <width>1010</width>
        <height>69</height>
        <texture>list/ListFO.png</texture>
      </control>
      <control type="label" description="Main Label">
        <posx>219</posx>
        <height>72</height>
        <width>920</width>
        <label>$INFO[ListItem.Label]</label>
      </control>
      <include>ListWatchedOverlay</include>
    </focusedlayout>
  </include>
  <include name="View_50">
    <control type="image" description="fa overlay">
      <visible>Control.IsVisible(50)</visible>
      <include>VignetteFade</include>
      <posx>0</posx>
      <posy>0</posy>
      <width>1920</width>
      <height>1080</height>
      <texture>common/Vignette.png</texture>
    </control>
    <control type="group">
      <visible>Control.IsVisible(50)</visible>
      <include>ContentFade</include>
      <control type="list" id="50">
        <viewtype label="535">List</viewtype>
        <posx>710</posx>
        <posy>406</posy>
        <width>1210</width>
        <height>648</height>
        <pagecontrol>60</pagecontrol>
        <onleft>9000</onleft>
        <onright>60</onright>
        <onup>50</onup>
        <ondown>50</ondown>
        <preloaditems>4</preloaditems>
        <include>List_Layout</include>
      </control>
      <control type="scrollbar" id="60">
        <animation effect="slide" start="0,0" end="-8,0" time="150">Focus</animation>
        <animation effect="slide" start="-8,0" end="0,0" time="300">UnFocus</animation>
        <posx>20r</posx>
        <posy>480</posy>
        <width>36</width>
        <height>576</height>
        <texturesliderbackground>-</texturesliderbackground>
        <texturesliderbar>-</texturesliderbar>
        <texturesliderbarfocus>-</texturesliderbarfocus>
        <textureslidernib border="18">OSD/ScrollbarNibNF.png</textureslidernib>
        <textureslidernibfocus border="18">OSD/ScrollbarNibFO.png</textureslidernibfocus>
        <showonepage>false</showonepage>
        <orientation>vertical</orientation>
        <onleft>50</onleft>
        <onright>9000</onright>
      </control>
      <control type="group" description="50 MediaInfo">
        <visible>Window.IsActive(MyVideoNav.xml)</visible>
        <control type="group" description="Thumbs NO info">
          <visible>![Container.Content(musicvideos) | Container.Content(movies) | container.content(tvshows) | container.content(seasons) | container.content(episodes)]</visible>
          <control type="image" id="70050" description="Poster">
            <visible>SubString(Container.FolderPath,videodb://movies/titles/,left) | SubString(Container.FolderPath,videodb://recentlyaddedmovies/,left)</visible>
            <posx>147</posx>
            <posy>426</posy>
            <width>429</width>
            <height>621</height>
            <include>Icon_Fade</include>
            <texture background="true">$INFO[ListItem.Art(thumb)]</texture>
            <include>ThumbBorder</include>
            <aspectratio aligny="bottom">scale</aspectratio>
          </control>
          <control type="image" description="Generic thumb">
            <visible>!Control.IsVisible(70050) + !container.content(artists)</visible>
            <posx>60</posx>
            <posy>426</posy>
            <width>570</width>
            <height>621</height>
            <include>Icon_Fade</include>
            <texture background="true">$INFO[ListItem.Art(thumb)]</texture>
            <include>ThumbBorder</include>
            <aspectratio aligny="bottom">keep</aspectratio>
          </control>
          <control type="image" description="Generic thumb">
            <visible>!Control.IsVisible(70050) + container.content(artists)</visible>
            <posx>60</posx>
            <posy>504</posy>
            <width>550</width>
            <height>550</height>
            <include>Icon_Fade</include>
            <texture background="true">$INFO[ListItem.Art(thumb)]</texture>
            <include>ThumbBorder</include>
            <aspectratio aligny="top">scale</aspectratio>
          </control>
        </control>
        <control type="group" description="MediaInfo">
          <visible>Container.Content(musicvideos) | Container.Content(movies) | container.content(tvshows) | Container.Content(Seasons) | container.content(episodes)</visible>
          <control type="group" description="Movies and shows">
            <visible>!container.content(episodes)</visible>
            <control type="image" description="Thumb">
              <posx>40</posx>
              <posy>444</posy>
              <width>470</width>
              <height>600</height>
              <include>Icon_Fade</include>
              <texture background="true">$INFO[ListItem.Art(thumb)]</texture>
              <include>ThumbBorder</include>
              <aspectratio aligny="bottom">keep</aspectratio>
            </control>
            <control type="group" description="Media info">
              <animation effect="slide" start="0,0" end="0,72" time="0" reversible="true" condition="Container.content(seasons) | Container.Content(Tvshows)">Conditional</animation>
              <animation effect="fade" delay="100" time="300">Visible</animation>
              <animation effect="fade" time="0">Hidden</animation>
              <posx>555</posx>
              <posy>486</posy>
              <control type="label" description="Title">
                <posy>84</posy>
                <width>650</width>
                <height>33</height>
                <font>InfoTitle</font>
                <textcolor>Highlight</textcolor>
                <shadowcolor>Black</shadowcolor>
                <align>left</align>
                <scroll>false</scroll>
                <label>$INFO[ListItem.Title]</label>
              </control>
              <control type="label" description="Details">
                <posy>138</posy>
                <width>650</width>
                <height>33</height>
                <font>InfoDetails</font>
                <shadowcolor>Black</shadowcolor>
                <scroll>false</scroll>
                <label>$INFO[ListItem.Genre]</label>
              </control>
              <control type="label" description="Details">
                <posy>181</posy>
                <width>650</width>
                <height>33</height>
                <font>InfoDetails</font>
                <shadowcolor>Black</shadowcolor>
                <scroll>false</scroll>
                <label>$VAR[Details]</label>
              </control>
              <control type="textbox" description="Plot51">
                <posy>231</posy>
                <width>650</width>
                <height>260</height>
                <shadowcolor>Black</shadowcolor>
                <label>$VAR[Plots]</label>
              </control>
              <control type="group" description="Flags">
                <posx>0</posx>
                <posy>513</posy>
                <include>MediaFlags</include>
              </control>
            </control>
          </control>
          <control type="group" description="Episodes only">
            <visible>container.content(episodes)</visible>
            <posx>60</posx>
            <posy>531</posy>
            <control type="image" description="Thumb">
              <posx>-6</posx>
              <posy>-129</posy>
              <width>720</width>
              <height>384</height>
              <include>Icon_Fade</include>
              <texture background="true">$INFO[ListItem.Art(thumb)]</texture>
              <include>ThumbBorder</include>
              <aspectratio>scale</aspectratio>
            </control>
            <control type="group" description="Media info">
              <posx>0</posx>
              <posy>120</posy>
              <control type="label" description="Details">
                <posy>150</posy>
                <height>33</height>
                <width>708</width>
                <font>InfoDetails</font>
                <label>$VAR[Details]</label>
              </control>
              <control type="textbox" description="Plot51">
                <posx>0</posx>
                <posy>198</posy>
                <width>708</width>
                <height>126</height>
                <label>$VAR[Plots]</label>
              </control>
              <control type="group" description="Flags">
                <posx>0</posx>
                <posy>348</posy>
                <include>MediaFlags</include>
              </control>
            </control>
          </control>
        </control>
      </control>
      <control type="group" description="MediaInfo List 50">
        <visible>Window.IsActive(MyPics.xml) | Window.IsActive(MyPrograms.xml) | Window.IsActive(MyMusicSongs.xml) | Window.IsActive(MyMusicNav.xml)</visible>
        <control type="image" description="Thumb BG">
          <posx>60</posx>
          <posy>480</posy>
          <width>555</width>
          <height>555</height>
          <bordersize>-6</bordersize>
          <include>SquareThumbBG</include>
        </control>
        <control type="image" description="Thumb">
          <posx>60</posx>
          <posy>480</posy>
          <width>555</width>
          <height>555</height>
          <include>Icon_Fade</include>
          <include>SquareThumb</include>
        </control>
      </control>
    </control>
  </include>
</includes>
