<?xml version="1.0" encoding="UTF-8"?>
<window type="dialog" id="1120">
  <defaultcontrol always="true">9000</defaultcontrol>
  <include>DialogOpenClose</include>
  <controls>
    <control type="group" description="All dialog content">
      <animation type="WindowOpen">
        <effect type="zoom" start="95" end="100" center="960,540" time="200" />
        <effect type="fade" start="80" end="100" time="200" />
      </animation>
      <animation type="WindowClose">
        <effect type="zoom" start="100" end="95" center="960,540" time="100" />
        <effect type="fade" start="100" end="0" time="100" />
      </animation>
      <animation effect="fade" start="100" end="0" time="50" condition="Window.IsActive(dialogselect.xml)">Conditional</animation>
	  <control type="image" description="Menu BG">
        <posx>681</posx>
        <posy>240</posy>
        <height>572</height>
        <width>558</width>
        <texture border="0,40,0,40">dialogs/ContextMenu.png</texture>
      </control>
      <control type="label" description="Dialog heading">
        <posx>615</posx>
        <posy>281</posy>
        <width>690</width>
        <height>52</height>
        <label>$LOCALIZE[20343]</label>
        <align>center</align>
        <aligny>center</aligny>
        <textcolor>Highlight</textcolor>
      </control>
      <control type="group">
        <posx>442</posx>
        <posy>216</posy>
        <control type="grouplist" id="9000" description="Movie entry points">
          <posx>255</posx>
          <posy>150</posy>
          <width>525</width>
          <height>450</height>
          <onleft>noop</onleft>
          <onright>noop</onright>
          <onup>9000</onup>
          <ondown>9000</ondown>
          <itemgap>0</itemgap>
          <scrolltime>280</scrolltime>
          <defaultcontrol always="true">701</defaultcontrol>
          <control type="radiobutton" id="701" description="All TV">
            <width>525</width>
            <label>$LOCALIZE[31499]</label>
            <onclick>Skin.Reset(CustomTV.1.Label)</onclick>
			<onclick>Skin.Reset(CustomTV.1.Path)</onclick>
			<onclick>Skin.Reset(tv_entries)</onclick>
            <selected>IsEmpty(Skin.String(tv_entries)) + IsEmpty(Skin.String(CustomTV.1.Path))</selected>
          </control>
          <control type="radiobutton" id="702" description="Playlists">
            <width>525</width>
            <label>$LOCALIZE[136]</label>
            <onclick>Skin.Reset(CustomTV.1.Label)</onclick>
			<onclick>Skin.Reset(CustomTV.1.Path)</onclick>
			<onclick>Skin.SetString(tv_entries,playlists)</onclick>
            <selected>StringCompare(Skin.String(tv_entries),playlists)</selected>
          </control>
          <control type="radiobutton" id="703" description="Files">
            <width>525</width>
            <label>$LOCALIZE[744]</label>
            <onclick>Skin.Reset(CustomTV.1.Label)</onclick>
			<onclick>Skin.Reset(CustomTV.1.Path)</onclick>
			<onclick>Skin.SetString(tv_entries,files)</onclick>
            <selected>StringCompare(Skin.String(tv_entries),files)</selected>
          </control>
          <control type="radiobutton" id="704" description="Library">
            <width>525</width>
            <label>$LOCALIZE[15100]</label>
            <onclick>Skin.Reset(CustomTV.1.Label)</onclick>
			<onclick>Skin.Reset(CustomTV.1.Path)</onclick>
			<onclick>Skin.SetString(tv_entries,library)</onclick>
            <selected>StringCompare(Skin.String(tv_entries),library)</selected>
          </control>
		  <control type="radiobutton" id="705" description="Custom">
            <visible>IsEmpty(Skin.String(CustomTV.1.Path))</visible>
			<width>525</width>
            <label>636</label>
            <onclick>Skin.Reset(tv_entries)</onclick>
			<onclick>RunScript(script.favourites,changetitle=true&amp;property=CustomTV.1)</onclick>
			<selected>false</selected>
		  </control>
		  <control type="radiobutton" id="706" description="Custom">
            <visible>!IsEmpty(Skin.String(CustomTV.1.Path))</visible>
			<width>525</width>
            <label>$INFO[Skin.String(CustomTV.1.Label)]</label>
            <onclick>Skin.Reset(tv_entries)</onclick>
			<onclick>RunScript(script.favourites,changetitle=true&amp;property=CustomTV.1)</onclick>
			<selected>!IsEmpty(Skin.String(CustomTV.1.Path))</selected>
          </control>
        </control>
      </control>
    </control>
  </controls>
</window>