<?xml version="1.0" encoding="UTF-8"?>
<window>
  <defaultcontrol always="true">21</defaultcontrol>
  <coordinates>
    <origin x="0" y="0" />
  </coordinates>
  <controls>
    <control type="group">
      <posx>0</posx>
      <posy>-30</posy>
      <control type="image">
        <posx>600</posx>
        <posy>360</posy>
        <width>732</width>
        <height>570</height>
        <texture border="45">dialogs/TinyDialog.png</texture>
      </control>
      <control type="image">
        <posx>660</posx>
        <posy>471</posy>
        <width>612</width>
        <height>60</height>
        <texture border="8">img/WhiteRoundedT.png</texture>
      </control>
      <control type="label" id="1" description="Heading">
        <posx>620</posx>
        <posy>405</posy>
        <width>692</width>
        <textcolor>Highlight</textcolor>
        <align>center</align>
      </control>
      <control type="group">
        <posx>0</posx>
        <posy>150</posy>
        <control type="label" id="4" description="Edit Text">
          <posx>636</posx>
          <posy>318</posy>
          <width>660</width>
          <height>60</height>
          <align>center</align>
          <textcolor>White2</textcolor>
          <font>Keyboard</font>
          <scroll>true</scroll>
        </control>
        <control type="group">
          <posx>660</posx>
          <posy>390</posy>
          <control type="button" id="11">
            <description>1 button</description>
            <posx>0</posx>
            <posy>0</posy>
            <label>$LOCALIZE[12311]</label>
            <onleft>22</onleft>
            <onright>12</onright>
            <onup>10</onup>
            <ondown>14</ondown>
            <include>KeyboardButtons</include>
          </control>
          <control type="button" id="12">
            <description>2 button</description>
            <posx>90</posx>
            <posy>0</posy>
            <label>$LOCALIZE[12312]</label>
            <onleft>11</onleft>
            <onright>13</onright>
            <onup>10</onup>
            <ondown>15</ondown>
            <include>KeyboardButtons</include>
          </control>
          <control type="button" id="13">
            <description>3 button</description>
            <posx>180</posx>
            <posy>0</posy>
            <label>$LOCALIZE[12313]</label>
            <onleft>12</onleft>
            <onright>23</onright>
            <onup>19</onup>
            <ondown>16</ondown>
            <include>KeyboardButtons</include>
          </control>
          <control type="button" id="14">
            <description>4 button</description>
            <posx>0</posx>
            <posy>72</posy>
            <label>$LOCALIZE[12314]</label>
            <onleft>21</onleft>
            <onright>15</onright>
            <onup>11</onup>
            <ondown>17</ondown>
            <include>KeyboardButtons</include>
          </control>
          <control type="button" id="15">
            <description>5 button</description>
            <posx>90</posx>
            <posy>72</posy>
            <label>$LOCALIZE[12315]</label>
            <onleft>14</onleft>
            <onright>16</onright>
            <onup>12</onup>
            <ondown>18</ondown>
            <include>KeyboardButtons</include>
          </control>
          <control type="button" id="16">
            <description>6 button</description>
            <posx>180</posx>
            <posy>72</posy>
            <label>$LOCALIZE[12316]</label>
            <onleft>15</onleft>
            <onright>21</onright>
            <onup>13</onup>
            <ondown>19</ondown>
            <include>KeyboardButtons</include>
          </control>
          <control type="button" id="17">
            <description>7 button</description>
            <posx>0</posx>
            <posy>144</posy>
            <label>$LOCALIZE[12317]</label>
            <onleft>21</onleft>
            <onright>18</onright>
            <onup>14</onup>
            <ondown>10</ondown>
            <include>KeyboardButtons</include>
          </control>
          <control type="button" id="18">
            <description>8 button</description>
            <posx>90</posx>
            <posy>144</posy>
            <label>$LOCALIZE[12318]</label>
            <onleft>17</onleft>
            <onright>19</onright>
            <onup>15</onup>
            <ondown>10</ondown>
            <include>KeyboardButtons</include>
          </control>
          <control type="button" id="19">
            <description>9 button</description>
            <posx>180</posx>
            <posy>144</posy>
            <label>$LOCALIZE[12319]</label>
            <onleft>18</onleft>
            <onright>21</onright>
            <onup>16</onup>
            <ondown>10</ondown>
            <include>KeyboardButtons</include>
          </control>
          <control type="button" id="10">
            <description>0 button</description>
            <posx>90</posx>
            <posy>216</posy>
            <label>$LOCALIZE[12310]</label>
            <onleft>20</onleft>
            <onright>21</onright>
            <onup>18</onup>
            <ondown>12</ondown>
            <include>KeyboardButtons</include>
          </control>
          <control type="group" description="Column 2">
            <posx>300</posx>
            <control type="button" id="23">
              <description>BACKSPACE button</description>
              <posx>0</posx>
              <posy>0</posy>
              <onleft>13</onleft>
              <onright>20</onright>
              <onup>21</onup>
              <ondown>21</ondown>
              <font>ListDetails</font>
              <width>120</width>
              <include>KeyboardButtons</include>
            </control>
            <control type="image" description="Delete Backspace img">
              <posx>9</posx>
              <posy>2</posy>
              <width>99</width>
              <aspectratio>keep</aspectratio>
              <include>KeyboardButtons</include>
              <texture>common/KeyButtonDel.png</texture>
            </control>
            <control type="button" id="20">
              <description>previous button</description>
              <posx>130</posx>
              <posy>0</posy>
              <label>&lt;</label>
              <onleft>23</onleft>
              <onright>22</onright>
              <onup>21</onup>
              <ondown>21</ondown>
              <include>KeyboardButtons</include>
            </control>
            <control type="button" id="22">
              <description>next button</description>
              <posx>210</posx>
              <posy>0</posy>
              <label>&gt;</label>
              <onleft>20</onleft>
              <onright>11</onright>
              <onup>21</onup>
              <ondown>21</ondown>
              <include>KeyboardButtons</include>
            </control>
            <control type="button" id="21" description="DONE button">
              <posx>0</posx>
              <posy>216</posy>
              <width>300</width>
              <label>[UPPERCASE]$LOCALIZE[20177][/UPPERCASE]</label>
              <onleft>10</onleft>
              <onright>10</onright>
              <onup>23</onup>
              <ondown>23</ondown>
              <textcolor>FF4fe805</textcolor>
              <font>ListDetails</font>
              <include>KeyboardButtons</include>
            </control>
          </control>
        </control>
      </control>
    </control>
  </controls>
</window>