<?xml version="1.0" encoding="UTF-8"?>
<window type="window">
  <defaultcontrol>3</defaultcontrol>
  <coordinates>
    <system>1</system>
    <posx>0</posx>
    <posy>0</posy>
  </coordinates>
  <include>OpenClose</include>
  <controls>
    <include>DimBG</include>
    <control type="group" description="Content">
      <include>OpenClose</include>
      <animation effect="slide" start="0,0" end="126,0" time="0" delay="0" center="auto" reversible="true" condition="Control.IsVisible(3)">Conditional</animation>
      <posx>312</posx>
      <posy>180</posy>
      <control type="image">
        <visible>Control.IsVisible(5) | Control.IsVisible(6)</visible>
        <posx>-14</posx>
        <posy>-20</posy>
        <width>1293</width>
        <height>720</height>
        <texture flipx="true" border="55">dialogs/DialogRightSmall.png</texture>
      </control>
      <control type="image">
        <visible>![Control.IsVisible(5) | Control.IsVisible(6)]</visible>
        <posx>86</posx>
        <posy>-20</posy>
        <width>840</width>
        <height>720</height>
        <texture border="55">dialogs/DialogSmall.png</texture>
      </control>
      <control type="label" id="1" description="Header">
        <visible>Control.IsVisible(3)</visible>
        <posx>0</posx>
        <posy>0</posy>
        <width>1010</width>
        <height>30</height>
        <align>center</align>
        <font>ListDetails</font>
        <textcolor>Highlight</textcolor>
      </control>
      <control type="label" id="1" description="Header">
        <visible>Control.IsVisible(6)</visible>
        <posx>300</posx>
        <posy>0</posy>
        <width>900</width>
        <height>30</height>
        <align>center</align>
        <font>ListDetails</font>
        <textcolor>Highlight</textcolor>
      </control>
      <control type="group" description="Group 6 Thumbs">
        <visible>!Control.IsVisible(3)</visible>
        <control type="list" id="6">
          <posx>256</posx>
          <posy>60</posy>
          <width>1010</width>
          <height>600</height>
          <orientation>vertical</orientation>
          <onleft>5</onleft>
          <onright>60</onright>
          <onup>6</onup>
          <ondown>6</ondown>
          <pagecontrol>60</pagecontrol>
          <scrolltime>0</scrolltime>
          <itemlayout width="1010" height="60">
            <control type="image">
              <posx>0</posx>
              <posy>0</posy>
              <width>1010</width>
              <height>60</height>
              <texture border="3">list/ListNF.png</texture>
            </control>
            <control type="label">
              <posx>20</posx>
              <posy>0</posy>
              <width>800</width>
              <height>60</height>
              <label>$INFO[ListItem.Label]</label>
            </control>
            <control type="label">
              <right>20</right>
              <posy>0</posy>
              <width>800</width>
              <height>60</height>
              <align>right</align>
              <textcolor>Grey</textcolor>
              <font>ListDetails</font>
              <scroll>false</scroll>
              <info>ListItem.Label2</info>
            </control>
          </itemlayout>
          <focusedlayout width="1010" height="60">
            <control type="image">
              <visible>Control.HasFocus(6)</visible>
              <include>VisibleFadeEffect</include>
              <posx>0</posx>
              <posy>0</posy>
              <width>1010</width>
              <height>60</height>
              <texture border="2">buttons/ButtonFO.png</texture>
            </control>
            <control type="label">
              <posx>20</posx>
              <posy>0</posy>
              <width>800</width>
              <height>60</height>
              <textcolor>White2</textcolor>
              <label>$INFO[ListItem.Label]</label>
            </control>
            <control type="label">
              <right>20</right>
              <posy>0</posy>
              <width>800</width>
              <height>60</height>
              <align>right</align>
              <textcolor>Grey2</textcolor>
              <shadowcolor>ShadowDark</shadowcolor>
              <font>ListDetails</font>
              <info>ListItem.Label2</info>
            </control>
          </focusedlayout>
        </control>
        <control type="image" description="Thumb BG">
          <visible>Control.HasFocus(6)</visible>
          <posx>18</posx>
          <posy>36</posy>
          <width>220</width>
          <height>220</height>
          <include>SquareThumbBG</include>
        </control>
        <control type="image" description="Thumb">
          <visible>Control.HasFocus(6)</visible>
          <posx>18</posx>
          <posy>36</posy>
          <width>220</width>
          <height>220</height>
          <texture>$INFO[Container(6).ListItem.Thumb]</texture>
          <aspectratio>keep</aspectratio>
        </control>
        <control type="label" description="Author">
          <visible>Control.HasFocus(6) + !IsEmpty(Container(6).ListItem.Property(Addon.Creator))</visible>
          <posx>18</posx>
          <posy>339</posy>
          <width>220</width>
          <height>150</height>
          <wrapmultiline>true</wrapmultiline>
          <align>center</align>
          <font>ListDetails</font>
          <label>$INFO[Container(6).ListItem.Property(Addon.Creator),$LOCALIZE[21863]: ]</label>
        </control>
				<control type="label" description="Author">
          <visible>Control.HasFocus(6) + !IsEmpty(Container(6).ListItem.Property(Addon.Version))</visible>
          <posx>18</posx>
          <posy>220</posy>
          <width>220</width>
          <height>150</height>
          <align>center</align>
          <font>ListDetails</font>
          <label>$INFO[Container(6).ListItem.Property(Addon.Version),$LOCALIZE[24051] ]</label>
        </control>
      </control>
      <control type="group" description="Group 3 Plain list">
        <control type="list" id="3">
          <animation effect="slide" start="0,0" end="158,0" time="0" reversible="true" condition="Control.IsVisible(5)">Conditional</animation>
          <posx>100</posx>
          <posy>60</posy>
          <width>810</width>
          <height>600</height>
          <orientation>vertical</orientation>
          <onleft>5</onleft>
          <onright>60</onright>
          <onup>3</onup>
          <ondown>3</ondown>
          <pagecontrol>60</pagecontrol>
          <scrolltime>0</scrolltime>
          <itemlayout width="810" height="60">
            <control type="image">
              <posx>0</posx>
              <posy>0</posy>
              <width>810</width>
              <height>60</height>
              <texture border="3">list/ListNF.png</texture>
            </control>
            <control type="label">
              <scroll>false</scroll>
              <width>810</width>
              <height>60</height>
              <textoffsetx>30</textoffsetx>
              <info>ListItem.Label</info>
            </control>
          </itemlayout>
          <focusedlayout width="810" height="60">
            <control type="image">
              <visible>Control.HasFocus(3)</visible>
              <include>VisibleFadeEffect</include>
              <posx>0</posx>
              <posy>0</posy>
              <width>810</width>
              <height>60</height>
              <texture border="2">buttons/ButtonFO.png</texture>
            </control>
            <control type="label">
              <width>810</width>
              <height>60</height>
              <textoffsetx>30</textoffsetx>
              <info>ListItem.Label</info>
            </control>
          </focusedlayout>
        </control>
      </control>
      <control type="scrollbar" id="60">
        <animation effect="slide" start="0,0" end="-354,0" time="0" delay="0" center="auto" reversible="true" condition="Control.IsVisible(3) + !Control.IsVisible(5)">Conditional</animation>
		<posx>1250</posx>
        <posy>60</posy>
        <width>36</width>
        <height>600</height>
        <texturesliderbackground>-</texturesliderbackground>
        <texturesliderbar>-</texturesliderbar>
        <texturesliderbarfocus>-</texturesliderbarfocus>
        <textureslidernib border="18">OSD/ScrollbarNibNF.png</textureslidernib>
        <textureslidernibfocus border="18">OSD/ScrollbarNibFO.png</textureslidernibfocus>
        <showonepage>false</showonepage>
        <orientation>vertical</orientation>
        <onleft>3</onleft>
      </control>
      <control type="button" id="5" description="Manual Get more common button">
        <posx>0</posx>
        <posy>540</posy>
        <width>254</width>
        <onright>3</onright>
      </control>
    </control>
  </controls>
</window>