<?xml version="1.0" encoding="UTF-8"?>
<fonts>
  <fontset id="Default" idloc="31390">
    <font>
      <name>MainMenu</name>
      <filename>BebasNeue.ttf</filename>
      <size>88</size>
    </font>
    <font>
      <name>MainMenuVerticalFO</name>
      <filename>BebasNeue.ttf</filename>
      <size>74</size>
    </font>
    <font>
      <name>MainMenuVertical</name>
      <filename>BebasNeue.ttf</filename>
      <size>48</size>
    </font>
    <font>
      <name>WeatherTitle</name>
      <filename>BebasNeue.ttf</filename>
      <size>45</size>
    </font>
    <font>
      <name>Logo</name>
      <filename>BebasNeue.ttf</filename>
      <size>60</size>
    </font>
    <font>
      <name>Volume</name>
      <filename>BebasNeue.ttf</filename>
      <size>42</size>
    </font>
    <font>
      <name>SysInfo</name>
      <filename>UbuntuCondensed.ttf</filename>
      <size>24</size>
    </font>
    <font>
      <name>ExtProgressBar</name>
      <filename>UbuntuCondensed.ttf</filename>
      <size>18</size>
    </font>
    <font>
      <name>ExtProgressBar2</name>
      <filename>UbuntuCaps.ttf</filename>
      <size>19</size>
    </font>
    <font>
      <name>GridItems</name>
      <filename>UbuntuCaps.ttf</filename>
      <size>22</size>
    </font>
    <font>
      <name>Progress</name>
      <filename>BebasNeue.ttf</filename>
      <size>46</size>
    </font>
    <font>
      <name>rss</name>
      <filename>UbuntuCaps.ttf</filename>
      <size>23</size>
    </font>
    <font>
      <name>info</name>
      <filename>UbuntuCaps.ttf</filename>
      <size>29</size>
    </font>
    <font>
      <name>Year</name>
      <filename>BebasNeue.ttf</filename>
      <size>32</size>
    </font>
    <font>
      <name>Slider</name>
      <filename>BebasNeue.ttf</filename>
      <size>32</size>
    </font>
    <font>
      <name>Flags</name>
      <filename>BebasNeue.ttf</filename>
      <size>28</size>
    </font>
    <font>
      <name>ItemCount</name>
      <filename>UbuntuCaps.ttf</filename>
      <size>22</size>
    </font>
    <font>
      <name>Sublist</name>
      <filename>UbuntuCaps.ttf</filename>
      <size>30</size>
    </font>
    <font>
      <name>MainLabelBig</name>
      <filename>UbuntuCaps.ttf</filename>
      <size>39</size>
      <style>bold</style>
    </font>
    <font>
      <name>MainLabelBigTitle</name>
      <filename>UbuntuCaps.ttf</filename>
      <size>44</size>
      <style>bold</style>
    </font>
    <font>
      <name>InfoTitle</name>
      <filename>UbuntuCaps.ttf</filename>
      <size>36</size>
      <style>bold</style>
    </font>
    <font>
      <name>ListDetails</name>
      <filename>UbuntuCaps.ttf</filename>
      <size>28</size>
    </font>
    <font>
      <name>Details</name>
      <filename>UbuntuCaps.ttf</filename>
      <size>30</size>
    </font>
	<font>
      <name>InfoDetails</name>
      <filename>UbuntuCaps.ttf</filename>
      <size>31</size>
    </font>
    <font>
      <name>font13</name>
      <filename>Arial.ttf</filename>
      <size>24</size>
      <color>White</color>
    </font>
    <font>
      <name>InfoPlot</name>
      <filename>Default.ttf</filename>
      <style>bold</style>
      <size>28</size>
      <linespacing>1.0</linespacing>
	  <aspect>1.0</aspect>
    </font>
    <font>
      <name>InfoPath</name>
      <filename>UbuntuCaps.ttf</filename>
      <size>22</size>
    </font>
    <font>
      <name>size22</name>
      <filename>UbuntuCaps.ttf</filename>
      <size>34</size>
    </font>
    <font>
      <name>ViewMenu</name>
      <filename>UbuntuCaps.ttf</filename>
      <size>30</size>
    </font>
    <font>
      <name>FManager</name>
      <filename>UbuntuCondensed.ttf</filename>
      <size>26</size>
    </font>
    <font>
      <name>FManager2</name>
      <filename>UbuntuCondensed.ttf</filename>
      <size>23</size>
    </font>
    <font>
      <name>SetContent</name>
      <filename>UbuntuCaps.ttf</filename>
      <size>26</size>
    </font>
    <font>
      <name>Keyboard</name>
      <filename>Arial.ttf</filename>
      <size>30</size>
    </font>
    <font>
      <name>size24B</name>
      <filename>UbuntuCaps.ttf</filename>
      <size>36</size>
    </font>
    <font>
      <name>Clock</name>
      <filename>BebasNeue.ttf</filename>
      <size>130</size>
    </font>
    <font>
      <name>Date</name>
      <filename>BebasNeue.ttf</filename>
      <size>35</size>
    </font>    
  </fontset>
  <fontset id="Default no caps" idloc="31389">
    <font>
      <name>MainMenu</name>
      <filename>BebasNeue.ttf</filename>
      <size>88</size>
    </font>
    <font>
      <name>MainMenuVerticalFO</name>
      <filename>BebasNeue.ttf</filename>
      <size>74</size>
    </font>
    <font>
      <name>MainMenuVertical</name>
      <filename>BebasNeue.ttf</filename>
      <size>48</size>
    </font>
    <font>
      <name>WeatherTitle</name>
      <filename>BebasNeue.ttf</filename>
      <size>45</size>
    </font>
    <font>
      <name>Logo</name>
      <filename>BebasNeue.ttf</filename>
      <size>60</size>
    </font>
    <font>
      <name>Volume</name>
      <filename>BebasNeue.ttf</filename>
      <size>42</size>
    </font>
    <font>
      <name>SysInfo</name>
      <filename>UbuntuCondensed.ttf</filename>
      <size>28</size>
    </font>
    <font>
      <name>ExtProgressBar</name>
      <filename>UbuntuCondensed.ttf</filename>
      <size>21</size>
    </font>
    <font>
      <name>ExtProgressBar2</name>
      <filename>UbuntuCondensed.ttf</filename>
      <size>22</size>
    </font>
    <font>
      <name>GridItems</name>
      <filename>UbuntuCondensed.ttf</filename>
      <size>25</size>
    </font>
    <font>
      <name>Progress</name>
      <filename>BebasNeue.ttf</filename>
      <size>46</size>
    </font>
    <font>
      <name>rss</name>
      <filename>UbuntuCondensed.ttf</filename>
      <size>26</size>
    </font>
    <font>
      <name>info</name>
      <filename>UbuntuCondensed.ttf</filename>
      <size>30</size>
    </font>
    <font>
      <name>Year</name>
      <filename>BebasNeue.ttf</filename>
      <size>32</size>
    </font>
    <font>
      <name>Slider</name>
      <filename>BebasNeue.ttf</filename>
      <size>32</size>
    </font>
    <font>
      <name>Flags</name>
      <filename>BebasNeue.ttf</filename>
      <size>28</size>
    </font>
    <font>
      <name>ItemCount</name>
      <filename>UbuntuCondensed.ttf</filename>
      <size>25</size>
    </font>
    <font>
      <name>Sublist</name>
      <filename>UbuntuCondensed.ttf</filename>
      <size>33</size>
    </font>
    <font>
      <name>MainLabelBig</name>
      <filename>UbuntuCondensed.ttf</filename>
      <size>42</size>
      <style>bold</style>
    </font>
    <font>
      <name>MainLabelBigTitle</name>
      <filename>UbuntuCondensed.ttf</filename>
      <size>47</size>
      <style>bold</style>
    </font>
    <font>
      <name>InfoTitle</name>
      <filename>UbuntuCondensed.ttf</filename>
      <size>39</size>
      <style>bold</style>
    </font>
    <font>
      <name>ListDetails</name>
      <filename>UbuntuCondensed.ttf</filename>
      <size>28</size>
    </font>
    <font>
      <name>Details</name>
      <filename>UbuntuCondensed.ttf</filename>
      <size>32</size>
    </font>
    <font>
      <name>InfoDetails</name>
      <filename>UbuntuCondensed.ttf</filename>
      <size>34</size>
    </font>
	<font>
      <name>font13</name>
      <filename>Arial.ttf</filename>
      <size>24</size>
      <color>White</color>
    </font>
    <font>
      <name>InfoPlot</name>
      <filename>Default.ttf</filename>
      <style>bold</style>
      <size>28</size>
      <linespacing>1.0</linespacing>
	  <aspect>1.0</aspect>
    </font>
    <font>
      <name>InfoPath</name>
      <filename>UbuntuCondensed.ttf</filename>
      <size>25</size>
    </font>
    <font>
      <name>size22</name>
      <filename>UbuntuCondensed.ttf</filename>
      <size>36</size>
    </font>
    <font>
      <name>ViewMenu</name>
      <filename>UbuntuCondensed.ttf</filename>
      <size>33</size>
    </font>
    <font>
      <name>FManager</name>
      <filename>UbuntuCondensed.ttf</filename>
      <size>29</size>
    </font>
    <font>
      <name>FManager2</name>
      <filename>UbuntuCondensed.ttf</filename>
      <size>26</size>
    </font>
    <font>
      <name>SetContent</name>
      <filename>UbuntuCondensed.ttf</filename>
      <size>29</size>
    </font>
    <font>
      <name>Keyboard</name>
      <filename>Arial.ttf</filename>
      <size>33</size>
    </font>
    <font>
      <name>size24B</name>
      <filename>UbuntuCondensed.ttf</filename>
      <size>39</size>
    </font>
    <font>
      <name>Clock</name>
      <filename>BebasNeue.ttf</filename>
      <size>130</size>
    </font>
    <font>
      <name>Date</name>
      <filename>BebasNeue.ttf</filename>
      <size>35</size>
    </font>        
  </fontset>
  <fontset id="Arial" idloc="31392">
    <font>
      <name>MainMenu</name>
      <filename>Arial.ttf</filename>
      <size>60</size>
      <aspect>0.805</aspect>
      <style>uppercase</style>
    </font>
    <font>
      <name>MainMenuVerticalFO</name>
      <filename>Arial.ttf</filename>
      <style>bold uppercase</style>
      <size>56</size>
      <aspect>0.80</aspect>
    </font>
    <font>
      <name>MainMenuVertical</name>
      <filename>Arial.ttf</filename>
      <size>40</size>
      <aspect>0.80</aspect>
      <style>uppercase</style>
    </font>
    <font>
      <name>WeatherTitle</name>
      <filename>Arial.ttf</filename>
      <size>45</size>
      <aspect>0.80</aspect>
      <style>uppercase</style>
    </font>
    <font>
      <name>Logo</name>
      <filename>Arial.ttf</filename>
      <size>60</size>
      <aspect>0.80</aspect>
      <style>uppercase</style>
    </font>
    <font>
      <name>Volume</name>
      <filename>Arial.ttf</filename>
      <size>42</size>
      <aspect>0.80</aspect>
      <style>uppercase</style>
    </font>
    <font>
      <name>SysInfo</name>
      <filename>Arial.ttf</filename>
      <size>27</size>
      <style>uppercase</style>
      <aspect>0.80</aspect>
    </font>
    <font>
      <name>ExtProgressBar</name>
      <filename>Arial.ttf</filename>
      <size>18</size>
      <aspect>0.80</aspect>
    </font>
    <font>
      <name>ExtProgressBar2</name>
      <filename>Arial.ttf</filename>
      <size>19</size>
      <aspect>0.80</aspect>
      <style>uppercase</style>
    </font>
    <font>
      <name>GridItems</name>
      <filename>Arial.ttf</filename>
      <size>21</size>
      <aspect>0.80</aspect>
      <style>uppercase</style>
    </font>
    <font>
      <name>Progress</name>
      <filename>Arial.ttf</filename>
      <size>46</size>
      <aspect>0.80</aspect>
      <style>uppercase</style>
    </font>
    <font>
      <name>rss</name>
      <filename>Arial.ttf</filename>
      <size>23</size>
      <aspect>0.80</aspect>
      <style>uppercase</style>
    </font>
    <font>
      <name>info</name>
      <filename>Arial.ttf</filename>
      <size>28</size>
      <aspect>0.80</aspect>
      <style>uppercase</style>
    </font>
    <font>
      <name>Year</name>
      <filename>Arial.ttf</filename>
      <size>32</size>
      <aspect>0.80</aspect>
      <style>uppercase</style>
    </font>
    <font>
      <name>Slider</name>
      <filename>Arial.ttf</filename>
      <size>32</size>
      <aspect>0.80</aspect>
      <style>uppercase</style>
    </font>
    <font>
      <name>Flags</name>
      <filename>Arial.ttf</filename>
      <size>28</size>
      <aspect>0.80</aspect>
      <style>uppercase</style>
    </font>
    <font>
      <name>ItemCount</name>
      <filename>Arial.ttf</filename>
      <size>22</size>
      <aspect>0.80</aspect>
      <style>uppercase</style>
    </font>
    <font>
      <name>Sublist</name>
      <filename>Arial.ttf</filename>
      <size>30</size>
      <aspect>0.80</aspect>
      <style>uppercase</style>
    </font>
    <font>
      <name>MainLabelBig</name>
      <filename>Arial.ttf</filename>
      <size>39</size>
      <style>bold uppercase</style>
      <aspect>0.80</aspect>
    </font>
    <font>
      <name>MainLabelBigTitle</name>
      <filename>Arial.ttf</filename>
      <size>44</size>
      <style>bold uppercase</style>
      <aspect>0.80</aspect>
    </font>
    <font>
      <name>InfoTitle</name>
      <filename>Arial.ttf</filename>
      <size>36</size>
      <style>bold uppercase</style>
      <aspect>0.80</aspect>
    </font>
    <font>
      <name>ListDetails</name>
      <filename>Arial.ttf</filename>
      <size>27</size>
      <aspect>0.80</aspect>
      <style>uppercase</style>
    </font>
    <font>
      <name>Details</name>
      <filename>Arial.ttf</filename>
      <size>30</size>
      <aspect>0.80</aspect>
      <style>uppercase</style>
    </font>
	<font>
      <name>InfoDetails</name>
      <filename>Arial.ttf</filename>
      <size>32</size>
      <aspect>0.80</aspect>
      <style>uppercase</style>
    </font>
    <font>
      <name>font13</name>
      <filename>Arial.ttf</filename>
      <size>24</size>
      <color>White</color>
    </font>
    <font>
      <name>InfoPlot</name>
      <filename>Arial.ttf</filename>
      <size>28</size>
      <aspect>0.96</aspect>
	  <linespacing>1.28</linespacing>
    </font>
    <font>
      <name>InfoPath</name>
      <filename>Arial.ttf</filename>
      <size>22</size>
      <aspect>0.80</aspect>
      <style>uppercase</style>
    </font>
    <font>
      <name>size22</name>
      <filename>Arial.ttf</filename>
      <size>33</size>
      <aspect>0.80</aspect>
      <style>uppercase</style>
    </font>
    <font>
      <name>ViewMenu</name>
      <filename>Arial.ttf</filename>
      <size>30</size>
      <aspect>0.80</aspect>
      <style>uppercase</style>
    </font>
    <font>
      <name>FManager</name>
      <filename>Arial.ttf</filename>
      <size>26</size>
    </font>
    <font>
      <name>FManager2</name>
      <filename>Arial.ttf</filename>
      <size>22</size>
    </font>
    <font>
      <name>SetContent</name>
      <filename>Arial.ttf</filename>
      <size>26</size>
      <aspect>0.80</aspect>
      <style>uppercase</style>
    </font>
    <font>
      <name>Keyboard</name>
      <filename>Arial.ttf</filename>
      <size>30</size>
    </font>
    <font>
      <name>size24B</name>
      <filename>Arial.ttf</filename>
      <size>36</size>
      <aspect>0.80</aspect>
      <style>uppercase</style>
    </font>
    <font>
      <name>Clock</name>
      <filename>Arial.ttf</filename>
      <aspect>0.80</aspect>
      <size>130</size>
    </font>
    <font>
      <name>Date</name>
      <filename>Arial.ttf</filename>
      <aspect>0.80</aspect>     
      <size>35</size>
    </font>        
  </fontset>
  <fontset id="Arial nocaps" idloc="31391">
    <font>
      <name>MainMenu</name>
      <filename>Arial.ttf</filename>
      <size>60</size>
      <aspect>1.0</aspect>
      <style>normal</style>
    </font>
    <font>
      <name>MainMenuVerticalFO</name>
      <filename>Arial.ttf</filename>
      <style>bold</style>
      <size>56</size>
      <aspect>0.80</aspect>
    </font>
    <font>
      <name>MainMenuVertical</name>
      <filename>Arial.ttf</filename>
      <size>40</size>
      <aspect>0.80</aspect>

    </font>
    <font>
      <name>WeatherTitle</name>
      <filename>Arial.ttf</filename>
      <size>45</size>
      <aspect>0.80</aspect>
    </font>
    <font>
      <name>Logo</name>
      <filename>Arial.ttf</filename>
      <size>60</size>
      <aspect>0.80</aspect>
      <style>uppercase</style>
    </font>
    <font>
      <name>Volume</name>
      <filename>Arial.ttf</filename>
      <size>50</size>
      <aspect>0.9</aspect>
      <style>uppercase</style>
    </font>
    <font>
      <name>SysInfo</name>
      <filename>Arial.ttf</filename>
      <size>27</size>
      <aspect>0.80</aspect>
    </font>
    <font>
      <name>ExtProgressBar</name>
      <filename>Arial.ttf</filename>
      <size>23</size>
      <aspect>1.0</aspect>
    </font>
    <font>
      <name>ExtProgressBar2</name>
      <filename>Arial.ttf</filename>
      <size>23</size>
      <aspect>1.0</aspect>
    </font>
    <font>
      <name>GridItems</name>
      <filename>Arial.ttf</filename>
      <size>21</size>
      <aspect>0.80</aspect>
    </font>
    <font>
      <name>Progress</name>
      <filename>Arial.ttf</filename>
      <size>46</size>
      <aspect>0.80</aspect>
    </font>
    <font>
      <name>rss</name>
      <filename>Arial.ttf</filename>
      <size>23</size>
      <aspect>1.0</aspect>
    </font>
    <font>
      <name>info</name>
      <filename>Arial.ttf</filename>
      <size>30</size>
      <aspect>1.0</aspect>
    </font>
    <font>
      <name>Year</name>
      <filename>Arial.ttf</filename>
      <size>32</size>
      <aspect>0.80</aspect>
      <style>uppercase</style>
    </font>
    <font>
      <name>Slider</name>
      <filename>Arial.ttf</filename>
      <size>32</size>
      <aspect>0.80</aspect>
    </font>
    <font>
      <name>Flags</name>
      <filename>Arial.ttf</filename>
      <size>28</size>
      <aspect>1.0</aspect>
      <style>uppercase</style>
    </font>
    <font>
      <name>ItemCount</name>
      <filename>Arial.ttf</filename>
      <size>24</size>
      <aspect>1.0</aspect>
    </font>
    <font>
      <name>Sublist</name>
      <filename>Arial.ttf</filename>
      <size>30</size>
      <aspect>1.0</aspect>
    </font>
    <font>
      <name>MainLabelBig</name>
      <filename>Arial.ttf</filename>
      <size>39</size>
      <style>bold</style>
      <aspect>0.80</aspect>
    </font>
    <font>
      <name>MainLabelBigTitle</name>
      <filename>Arial.ttf</filename>
      <size>44</size>
      <style>bold</style>
      <aspect>0.80</aspect>
    </font>
    <font>
      <name>InfoTitle</name>
      <filename>Arial.ttf</filename>
      <size>36</size>
      <style>bold</style>
      <aspect>1.0</aspect>
    </font>
    <font>
      <name>ListDetails</name>
      <filename>Arial.ttf</filename>
      <size>28</size>
      <aspect>1.0</aspect>
    </font>
    <font>
      <name>Details</name>
      <filename>Arial.ttf</filename>
      <size>28</size>
      <aspect>1.0</aspect>
    </font>
	<font>
      <name>InfoDetails</name>
      <filename>Arial.ttf</filename>
      <size>30</size>
      <aspect>1.0</aspect>
    </font>
    <font>
      <name>font13</name>
      <filename>Arial.ttf</filename>
      <size>24</size>
      <color>White</color>
    </font>
    <font>
      <name>InfoPlot</name>
      <filename>Arial.ttf</filename>
      <size>31</size>
      <aspect>1.0</aspect>
	  <linespacing>1.0</linespacing>
    </font>
    <font>
      <name>InfoPath</name>
      <filename>Arial.ttf</filename>
      <size>27</size>
      <aspect>1.0</aspect>
    </font>
    <font>
      <name>size22</name>
      <filename>Arial.ttf</filename>
      <size>33</size>
      <aspect>1.0</aspect>
    </font>
    <font>
      <name>ViewMenu</name>
      <filename>Arial.ttf</filename>
      <size>30</size>
      <aspect>1.0</aspect>
    </font>
    <font>
      <name>FManager</name>
      <filename>Arial.ttf</filename>
      <size>30</size>
    </font>
    <font>
      <name>FManager2</name>
      <filename>Arial.ttf</filename>
      <size>25</size>
    </font>
    <font>
      <name>SetContent</name>
      <filename>Arial.ttf</filename>
      <size>30</size>
      <aspect>1.0</aspect>
    </font>
    <font>
      <name>Keyboard</name>
      <filename>Arial.ttf</filename>
      <size>33</size>
    </font>
    <font>
      <name>size24B</name>
      <filename>Arial.ttf</filename>
      <size>35</size>
      <aspect>1.0</aspect>
    </font>
    <font>
      <name>Clock</name>
      <filename>Arial.ttf</filename>
      <aspect>1.0</aspect>
      <size>130</size>
    </font>
    <font>
      <name>Date</name>
      <filename>Arial.ttf</filename>
      <aspect>1.0</aspect>     
      <size>35</size>
    </font>     
  </fontset>
</fonts>
