<?xml version="1.0" encoding="UTF-8"?>
<window>
  <defaultcontrol always="true">2</defaultcontrol>
  <include>OpenClose</include>
  <controls>
    <control type="image">
      <posx>325</posx>
      <posy>100</posy>
      <width>1270</width>
      <height>880</height>
      <texture>dialogs/DialogBG.png</texture>
    </control>
    <control type="group">
      <posx>360</posx>
      <posy>150</posy>
      <control type="label">
        <description>header label</description>
        <posx>30</posx>
        <posy>-15</posy>
        <width>1140</width>
        <align>center</align>
        <label>[UPPERCASE]$LOCALIZE[298][/UPPERCASE] - $INFO[Container(11).NumItems,, $LOCALIZE[31025]]</label>
        <textcolor>Highlight</textcolor>
      </control>
      <control type="panel" id="11">
        <posx>66</posx>
        <posy>90</posy>
        <width>1080</width>
        <height>540</height>
        <onleft>2</onleft>
        <onright>2</onright>
        <ondown>2</ondown>
        <onup>11</onup>
        <scrolltime>200</scrolltime>
        <viewtype label="536">icon</viewtype>
        <pagecontrol>-</pagecontrol>
        <orientation>vertical</orientation>
        <itemlayout height="270" width="360">
          <control type="image">
            <posx>10</posx>
            <posy>3</posy>
            <width>330</width>
            <height>210</height>
            <texture border="3">thumbs/ThumbBorder2.png</texture>
          </control>
		  <control type="image">
					<posx>15</posx>
					<posy>8</posy>
					<width>320</width>
					<height>200</height>
					<aspectratio>scale</aspectratio>
					<info>ListItem.Icon</info>
		  </control>
          <control type="label">
            <posx>10</posx>
            <posy>225</posy>
            <width>338</width>
            <height>22</height>
            <align>center</align>
			<selectedcolor>selected</selectedcolor>
            <label>$INFO[ListItem.Label]$INFO[ListItem.Label2, (,)]</label>
          </control>
        </itemlayout>
        <focusedlayout height="270" width="360">
          <control type="image">
            <posx>10</posx>
            <posy>3</posy>
            <width>330</width>
            <height>210</height>
            <texture border="3">thumbs/ThumbBorder3.png</texture>
          </control>
		  <control type="image">
					<posx>15</posx>
					<posy>8</posy>
					<width>320</width>
					<height>200</height>
					<aspectratio>scale</aspectratio>
					<info>ListItem.Icon</info>
		  </control>
          <control type="label">
            <posx>10</posx>
            <posy>225</posy>
            <width>338</width>
            <height>22</height>
			<selectedcolor>selected</selectedcolor>
            <label>$INFO[ListItem.Label]$INFO[ListItem.Label2, (,)]</label>
          </control>
        </focusedlayout>
      </control>
      <control type="grouplist" id="9000">
        <posx>30</posx>
        <posy>690</posy>
        <width>1140</width>
        <height>75</height>
        <itemgap>30</itemgap>
        <align>center</align>
        <orientation>horizontal</orientation>
        <onleft>9000</onleft>
        <onright>9000</onright>
        <onup>11</onup>
        <ondown>11</ondown>
        <control type="button" id="2">
          <description>Create Bookmark button</description>
          <label>$LOCALIZE[294]</label>
          <width>375</width>
          <align>center</align>
          <texturenofocus>-</texturenofocus>
        </control>
        <control type="button" id="3">
          <description>Clear Bookmark button</description>
          <label>$LOCALIZE[296]</label>
          <width>375</width>
          <align>center</align>
          <texturenofocus>-</texturenofocus>
        </control>
        <control type="button" id="4">
          <description>Clear Bookmark button</description>
          <label>$LOCALIZE[20406]</label>
          <width>375</width>
          <align>center</align>
          <texturenofocus>-</texturenofocus>
          <visible>videoplayer.content(episodes)</visible>
        </control>
      </control>
    </control>
  </controls>
</window>