<?xml version="1.1" encoding="UTF-8" standalone="yes"?>
<addon id="repository.mediaqube" name="Mediaqube repo" version="1.0.1" provider-name="Mediaqube">
	<extension point="xbmc.addon.repository" name="Mediaqube repo">
		<info compressed="false">http://raw.github.com/mediaqube/mediaqube/master/addons.xml</info>
		<checksum>http://raw.github.com/mediaqube/mediaqube/master/addons.xml.md5</checksum>
		<datadir zip="true">http://raw.github.com/mediaqube/mediaqube/master</datadir>
	</extension>
	<extension point="xbmc.addon.metadata">
		<summary>The Official Mediaqube repository</summary>
		<description>This repository contains Mediaqube installer addons.</description>
		<disclaimer>The owners and submitters to this repository do not host or distribute any of the content displayed by these addons nor do they have any affiliation with the content providers.</disclaimer>
		<platform>all</platform>
	</extension>
</addon>
