<?xml version="1.0" encoding="UTF-8"?>
<window>
  <defaultcontrol always="true">50</defaultcontrol>
  <include>OpenClose</include>
  <controls>
    <control type="group" description="fanart">
      <include>Fanart_Art</include>
    </control>
    <include>View_50</include>
    <include>View_51_Panel_Music</include>
    <include condition="Skin.HasSetting(plexbmc)">View_52_BigList</include>
    <include>View_53_Grid</include>
    <include>View_54_LowList</include>
    <include condition="Skin.HasSetting(plexbmc)">View_55_BigPanel</include>
    <!-- Showcase 57 58 & 59 -->
	<include>View_59_Showcase</include>
    <control type="group">
		<include>VignetteFade</include>
		<include>Time</include>
	</control>
    <control type="group" description="Side menu 9000 group">
      <include>9000Commons</include>
      <control type="grouplist" id="9000">
        <include>9000GrouplistParameters</include>
        <control type="button" id="3" description="Sort">
          <include>9000SysButtons</include>
        </control>
        <control type="togglebutton" id="4" description="Sort direction">
          <include>9000SysButtons</include>
          <label>$LOCALIZE[21429]:  $LOCALIZE[21430]</label>
          <altlabel>$LOCALIZE[21429]:  $LOCALIZE[21431]</altlabel>
        </control>
        <control type="button" id="7" description="Playlists">
          <include>9000SysButtons</include>
          <label>$LOCALIZE[136]</label>
        </control>
        <control type="button" id="19" description="Filter">
          <include>9000SysButtons</include>
          <label>$LOCALIZE[587] $LOCALIZE[31292]</label>
        </control>
        <control type="button" id="697" description="Library">
          <visible>Library.HasContent(music) | Library.HasContent(musicvideos)</visible>
          <include>9000SysButtons</include>
          <label>$LOCALIZE[1024] $LOCALIZE[14022]</label>
          <onclick>ActivateWindow(MusicLibrary,root)</onclick>
        </control>
        <control type="togglebutton" id="699" description="Playing">
          <enable>Player.HasMedia</enable>
          <include>9000SysButtons</include>
          <label>$LOCALIZE[16003]</label>
          <onclick>fullscreen</onclick>
          <animation effect="fade" start="100" end="60" time="100" condition="!Player.HasMedia">Conditional</animation>
        </control>
      </control>
    </control>
  </controls>
</window>