<?xml version="1.0" encoding="UTF-8"?>
<window>
	<defaultcontrol always="true">50</defaultcontrol>
	<allowoverlay>no</allowoverlay>
	<views>50</views>
	<controls>
    <control type="group" description="fanart"> 
       <include>Pvr_Art</include> 
     </control> 
 	<control type="image" description="fa overlay"> 
 	  <visible>Control.IsVisible(50)</visible> 
 	  <posx>0</posx> 
       <posy>65</posy> 
       <width>1920</width> 
       <height>1015</height> 
       <texture border="0,30,0,0">OSD/OSDBackground.png</texture> 
       <colordiffuse>FF9e9e9e</colordiffuse> 
     </control> 
		<include>Time</include>
		<control type="group">
			<include>OpenClose</include>
			<control type="group">
				<description>Timers group</description>
				<visible>Control.IsVisible(50)</visible>
				<include>VisibleFadeEffect</include>
				<control type="image" description="video window background">
					<visible>Player.HasVideo</visible>
					<posx>60</posx>
					<posy>100</posy>
					<width>600</width>
					<height>340</height>
					<texture>img/BlackDot.png</texture>
				</control>
				<control type="videowindow" description="TV Channel Live BG">
					<visible>Player.HasVideo</visible>
					<posx>60</posx>
					<posy>20</posy>
					<width>600</width>
					<height>500</height>
				</control>
				<control type="image" description="Current video label bacground">
					<visible>Player.HasVideo</visible>
					<posx>60</posx>
					<posy>100</posy>
					<width>600</width>
					<height>40</height>
					<texture>img/BlackDot.png</texture>
					<colordiffuse>DDFFFFFF</colordiffuse>
				</control>
				<control type="textbox" description="Current video label">
					<posx>60</posx>
					<posy>100</posy>
					<width>600</width>
					<height>40</height>
					<font>Details</font>
					<align>center</align>
					<textcolor>White</textcolor>
					<autoscroll delay="3000" time="3000" repeat="3000">true</autoscroll>
					<label>$INFO[Player.Title]</label>
					<visible>Player.HasVideo</visible>
				</control>
				<control type="group" description="Header">
					<posx>60</posx>
					<posy>440</posy>
					<control type="image" description="split">
						<posx>0</posx>
						<posy>39</posy>
						<width>1800</width>
						<height>2</height>
						<texture>img/LineST.png</texture>
					</control>
					<control type="label">
						<description>Title header label</description>
						<posx>20</posx>
						<posy>0</posy>
						<width>450</width>
						<height>30</height>
						<label>$LOCALIZE[369]</label>
					</control>
					<control type="label">
						<description>Schedule Time header label</description>
						<posx>520</posx>
						<posy>0</posy>
						<width>550</width>
						<height>30</height>
						<label>$LOCALIZE[31501]</label>
					</control>
					<control type="label">
						<description>Channel header label</description>
						<posx>1120</posx>
						<posy>0</posy>
						<width>380</width>
						<height>30</height>
						<label>$LOCALIZE[19029]</label>
					</control>
					<control type="label">
						<description>Status header label</description>
						<posx>1520</posx>
						<posy>0</posy>
						<width>280</width>
						<height>30</height>
						<label>$LOCALIZE[126]</label>
					</control>
				</control>
				<control type="list" id="50" description="Timers">
					<posx>60</posx>
					<posy>490</posy>
					<width>1800</width>
					<height>468</height>
					<scrolltime>350</scrolltime>
					<onleft>103</onleft>
					<onright>73</onright>
					<onup>50</onup>
					<ondown>50</ondown>					
					<pagecontrol>73</pagecontrol>
					<itemlayout height="78">
						<control type="image">
							<posx>0</posx>
							<posy>0</posy>
							<height>78</height>
							<width>1800</width>
							<texture border="3">list/ListNF.png</texture>
						</control>
						<control type="label" description="Timer label">
							<posx>10</posx>
							<posy>0</posy>
							<width>480</width>
							<height>78</height>
							<scroll>false</scroll>
							<info>ListItem.Label</info>
						</control>
						<control type="label" description="Date">
							<posx>510</posx>
							<posy>0</posy>
							<width>580</width>
							<height>78</height>
							<scroll>false</scroll>
							<info>ListItem.Date</info>
						</control>
						<control type="label" description="Channel label">
							<posx>1110</posx>
							<posy>0</posy>
							<width>380</width>
							<height>78</height>
							<scroll>false</scroll>
							<info>ListItem.ChannelName</info>
						</control>
						<control type="label" description="Comment">
							<posx>1510</posx>
							<posy>0</posy>
							<width>280</width>
							<height>78</height>
							<scroll>false</scroll>
							<font>ListDetails</font>
							<info>ListItem.Comment</info>
						</control>
					</itemlayout>
					<focusedlayout height="78">
						<control type="image">
							<posx>0</posx>
							<posy>0</posy>
							<height>78</height>
							<width>1800</width>
							<texture border="3">list/ListNF.png</texture>
						</control>
						<control type="image">
							<posx>0</posx>
							<posy>3</posy>
							<width>1800</width>
							<height>75</height>
							<texture>list/ListFO.png</texture>
						</control>
						<control type="label" description="Timer label">
							<posx>10</posx>
							<posy>0</posy>
							<width>480</width>
							<height>78</height>
							<scroll>false</scroll>
							<info>ListItem.Label</info>
						</control>
						<control type="label" description="Date">
							<posx>510</posx>
							<posy>0</posy>
							<width>580</width>
							<height>78</height>
							<scroll>false</scroll>
							<info>ListItem.Date</info>
						</control>
						<control type="label" description="Channel label">
							<posx>1110</posx>
							<posy>0</posy>
							<width>380</width>
							<height>78</height>
							<scroll>false</scroll>
							<info>ListItem.ChannelName</info>
						</control>
						<control type="label" description="Comment">
							<posx>1510</posx>
							<posy>0</posy>
							<width>280</width>
							<height>78</height>
							<font>ListDetails</font>
							<scroll>false</scroll>
							<info>ListItem.Comment</info>
						</control>
					</focusedlayout>
				</control>
				<control type="group" description="Footer">
					<posx>60</posx>
					<posy>1008</posy>
					<control type="image" description="Bottom split">
						<posx>0</posx>
						<posy>-9</posy>
						<width>1800</width>
						<height>2</height>
						<texture>img/LineST.png</texture>
					</control>
					<control type="label">
						<posx>0</posx>
						<posy>0</posy>
						<width>1740</width>
						<height>40</height>
						<aligny>center</aligny>
						<align>left</align>
						<scroll>false</scroll>
						<label>[COLOR=Highlight]$INFO[ListItem.Label][/COLOR]$INFO[ListItem.Duration,  -  ,  -  ]  [COLOR=Grey]$INFO[ListItem.StartTime,( ,  -  ]$INFO[ListItem.EndTime,, )][/COLOR]</label>
					</control>
					<control type="label">
						<description>Next timer date</description>
						<posx>60r</posx>
						<posy>0</posy>
						<width>1515</width>
						<height>45</height>
						<align>right</align>
						<scroll>true</scroll>
						<label>$INFO[PVR.NextTimer]</label>
						<visible>PVR.HasTimer</visible>
					</control>
				</control>
			</control>
			<!--<control type="group">
        <posx>120</posx>
        <posy>90</posy>
        <control type="label">
          <description>Channel header label</description>
          <posx>0</posx>
          <posy>30</posy>
          <width>330</width>
          <height>30</height>
          <font>size17</font>
          <align>center</align>
          <aligny>center</aligny>
          <label>19029</label>
        </control>
        <control type="label">
          <description>Title header label</description>
          <posx>330</posx>
          <posy>30</posy>
          <width>450</width>
          <height>30</height>
          <font>size17</font>
          <textcolor>white</textcolor>
          <shadowcolor>black</shadowcolor>
          <align>center</align>
          <aligny>center</aligny>
          <label>369</label>
        </control>
        <control type="label">
          <description>Schedule Time header label</description>
          <posx>870</posx>
          <posy>30</posy>
          <width>450</width>
          <height>30</height>
          <font>size17</font>
          <textcolor>white</textcolor>
          <shadowcolor>black</shadowcolor>
          <align>center</align>
          <aligny>center</aligny>
          <label>31501</label>
        </control>
        <control type="label">
          <description>Status header label</description>
          <posx>1410</posx>
          <posy>30</posy>
          <width>225</width>
          <height>30</height>
          <font>size17</font>
          <textcolor>white</textcolor>
          <shadowcolor>black</shadowcolor>
          <align>center</align>
          <aligny>center</aligny>
          <label>126</label>
        </control>
        <control type="list" id="50">
          <posx>0</posx>
          <posy>82</posy>
          <width>1650</width>
          <height>720</height>
          <onup>50</onup>
          <ondown>50</ondown>
          <onleft>35</onleft>
          <onright>74</onright>
          <pagecontrol>74</pagecontrol>
          <scrolltime>200</scrolltime>
          <itemlayout height="60">
            <control type="image">
              <posx>0</posx>
              <posy>0</posy>
              <width>1650</width>
              <height>60</height>
              <texture>ItemBG.png</texture>
            </control>
            <control type="image">
              <posx>330</posx>
              <posy>0</posy>
              <width>450</width>
              <height>60</height>
              <texture border="3">img/CoverOverlay0.png</texture>
            </control>
            <control type="image">
              <posx>1410</posx>
              <posy>0</posy>
              <width>232</width>
              <height>60</height>
              <texture border="3">img/CoverOverlay0.png</texture>
            </control>
            <control type="image">
              <posx>0</posx>
              <posy>12</posy>
              <width>75</width>
              <height>39</height>
              <visible>!IsEmpty(ListItem.Date)</visible>
              <texture border="1">$INFO[ListItem.Icon]</texture>
            </control>
            <control type="label">
              <posx>75</posx>
              <posy>0</posy>
              <width>225</width>
              <height>60</height>
              <font>size17</font>
              <align>left</align>
              <aligny>center</aligny>
              <selectedcolor>selected</selectedcolor>
              <info>ListItem.ChannelName</info>
            </control>
            <control type="label">
              <posx>555</posx>
              <posy>0</posy>
              <width>435</width>
              <height>60</height>
              <font>size17</font>
              <align>center</align>
              <aligny>center</aligny>
              <selectedcolor>selected</selectedcolor>
              <info>ListItem.Label</info>
            </control>
            <control type="label">
              <posx>1095</posx>
              <posy>0</posy>
              <width>600</width>
              <height>60</height>
              <font>size17</font>
              <align>center</align>
              <aligny>center</aligny>
              <info>ListItem.Date</info>
            </control>
            <control type="label">
              <posx>1527</posx>
              <posy>0</posy>
              <width>255</width>
              <height>60</height>
              <font>size17</font>
              <align>center</align>
              <aligny>center</aligny>
              <info>ListItem.Comment</info>
            </control>
          </itemlayout>
          <focusedlayout height="60">
            <control type="image">
              <posx>0</posx>
              <posy>0</posy>
              <width>1650</width>
              <height>60</height>
              <texture>img/ItemBG.png</texture>
            </control>
            <control type="image">
              <posx>330</posx>
              <posy>0</posy>
              <width>450</width>
              <height>60</height>
              <texture border="3">img/CoverOverlay0.png</texture>
              <visible>!Control.HasFocus(50)</visible>
            </control>
            <control type="image">
              <posx>1470</posx>
              <posy>0</posy>
              <width>180</width>
              <height>60</height>
              <texture border="3">img/CoverOverlay0.png</texture>
              <visible>!Control.HasFocus(50)</visible>
            </control>
            <control type="image">
              <posx>330</posx>
              <posy>0</posy>
              <width>450</width>
              <height>60</height>
              <texture border="5">buttons/ButtonFO.png</texture>
              <visible>Control.HasFocus(50)</visible>
            </control>
            <control type="image">
              <posx>1410</posx>
              <posy>0</posy>
              <width>232</width>
              <height>60</height>
              <texture border="3">img/CoverOverlay0.png</texture>
              <visible>Control.HasFocus(50)</visible>
            </control>
            <control type="image">
              <posx>0</posx>
              <posy>12</posy>
              <width>75</width>
              <height>39</height>
              <visible>!IsEmpty(ListItem.Date)</visible>
              <texture border="1">$INFO[ListItem.Icon]</texture>
            </control>
            <control type="label">
              <posx>75</posx>
              <posy>0</posy>
              <width>225</width>
              <height>60</height>
              <font>size17</font>
              <align>left</align>
              <aligny>center</aligny>
              <info>ListItem.ChannelName</info>
            </control>
            <control type="label">
              <posx>555</posx>
              <posy>0</posy>
              <width>435</width>
              <height>60</height>
              <font>size17</font>
              <align>center</align>
              <aligny>center</aligny>
              <info>ListItem.Label</info>
            </control>
            <control type="label">
              <posx>1095</posx>
              <posy>0</posy>
              <width>600</width>
              <height>60</height>
              <font>size17</font>
              <align>center</align>
              <aligny>center</aligny>
              <info>ListItem.Date</info>
            </control>
            <control type="label">
              <posx>1527</posx>
              <posy>0</posy>
              <width>225</width>
              <height>60</height>
              <font>size17</font>
              <align>center</align>
              <aligny>center</aligny>
              <info>ListItem.Comment</info>
            </control>
          </focusedlayout>
        </control>
        
        <control type="label">
          <description>Next timer date</description>
          <posx>82</posx>
          <posy>818</posy>
          <width>1515</width>
          <height>45</height>
          <font>size17</font>
          <align>center</align>
          <aligny>center</aligny>
          <scroll>true</scroll>
          <label>$INFO[PVR.NextTimer]</label>
          <visible>PVR.HasTimer</visible>
        </control>
      </control>-->
		</control>
		<include>PVRSideBlade</include>
	</controls>
</window>
