<?xml version="1.0" encoding="UTF-8"?>
<window>
  <backgroundcolor>0</backgroundcolor>
  <allowoverlay>no</allowoverlay>
  <defaultcontrol always="true">3</defaultcontrol>
  <controls>
    <include>Settings_Art</include>
    <include>Time</include>
    <control type="group" description="Content">
      <animation effect="fade" time="250" condition="!Window.Previous(Settings.xml)">WindowOpen</animation>
      <animation effect="fade" time="250" condition="!Window.Next(Settings.xml)">WindowClose</animation>
      <control type="image">
        <include>Panel_Size</include>
        <texture>dialogs/SettingsBG.png</texture>
      </control>
      <control type="label">
        <posx>100</posx>
        <posy>120</posy>
        <width>240</width>
        <height>61</height>
        <font>Logo</font>
        <align>center</align>
        <label>KODI</label>
      </control>
      <control type="label" id="2" description="Category label">
        <posx>650</posx>
        <posy>117</posy>
        <width>620</width>
        <height>72</height>
        <align>center</align>
        <font>InfoTitle</font>
        <textcolor>Highlight</textcolor>
      </control>
      <control type="grouplist" id="3" description="Left - Button Area">
        <posx>66</posx>
        <posy>210</posy>
        <width>321</width>
        <height>780</height>
        <itemgap>0</itemgap>
        <onleft>5</onleft>
        <onright>5</onright>
        <onup>3</onup>
        <ondown>20</ondown>
        <orientation>vertical</orientation>
      </control>
      <control type="button" id="10" description="Category Button">
        <textoffsetx>10</textoffsetx>
        <focusedcolor>Highlight</focusedcolor>
      </control>
			<control type="grouplist" id="5" description="Right - Control Area">
        <posx>390</posx>
        <posy>210</posy>
        <width>1467</width>
        <height>660</height>
        <itemgap>0</itemgap>
        <onleft>3</onleft>
        <onright>60</onright>
        <onup>5</onup>
        <ondown>5</ondown>
        <pagecontrol>60</pagecontrol>
        <orientation>vertical</orientation>
      </control>
	  <control type="textbox" id="6" description="Settings description">
				<posx>420</posx>
        		<posy>890</posy>
        		<width>1407</width>
        		<height>130</height>
				<align>justify</align>
				<textcolor>Highlight</textcolor>
				<autoscroll time="3000" delay="4000" repeat="5000">true</autoscroll>
			</control>
      <control type="button" id="7" description="Button">
        <width>1467</width>
        <textoffsetx>42</textoffsetx>
      </control>
      <control type="radiobutton" id="8" description="Radio Button">
        <width>1467</width>
        <textoffsetx>42</textoffsetx>
      </control>
      <control type="spincontrolex" id="9" description="Spin control">
        <width>1467</width>
        <textoffsetx>42</textoffsetx>
      </control>      
      <control type="sliderex" id="13" description="Slider control">
        <width>1467</width>
        <textoffsetx>42</textoffsetx>
      </control>
      <control type="label" id="14">
        <shadowcolor>Black</shadowcolor>
        <font>details</font>
      </control>
			<control type="label" description="Settings level label">
        <posx>66</posx>
        <posy>900</posy>
        <width>321</width>
        <height>60</height>
        <textoffsetx>10</textoffsetx>
		<label>$LOCALIZE[31049]</label>
      </control>
	  <control type="button" id="20" description="Settings level button">
        <posx>66</posx>
        <posy>960</posy>
        <width>321</width>
        <height>60</height>
        <onleft>5</onleft>
        <onright>5</onright>
        <onup>3</onup>
        <ondown>noop</ondown>
        <textoffsetx>10</textoffsetx>
        <textcolor>Highlight</textcolor>
		<focusedcolor>Highlight</focusedcolor>
        <onclick>SettingsLevelChange</onclick>
      </control>
      <control type="scrollbar" id="60">
        <posx>81r</posx>
        <posy>234</posy>
        <width>36</width>
        <height>720</height>
        <texturesliderbackground>-</texturesliderbackground>
        <texturesliderbar>-</texturesliderbar>
        <texturesliderbarfocus>-</texturesliderbarfocus>
        <textureslidernib border="18">OSD/ScrollbarNibNF.png</textureslidernib>
        <textureslidernibfocus border="18">OSD/ScrollbarNibFO.png</textureslidernibfocus>
        <showonepage>false</showonepage>
        <orientation>vertical</orientation>
        <onleft>5</onleft>
        <onright>noop</onright>
      </control>
    </control>
  </controls>
</window>
