<?xml version="1.0" encoding="UTF-8"?>
<includes>
  <include name="RecOverlay">
    <control type="image">
      <posx>930</posx>
      <posy>0</posy>
      <width>18</width>
      <height>99</height>
      <texture>OverlayRecording.png</texture>
      <aspectratio>keep</aspectratio>
      <visible>ListItem.IsRecording</visible>
    </control>
  </include>
  <include name="PVRSideBlade">
		<control type="group">
			<animation type="Conditional" condition="![ControlGroup(9000).HasFocus | Control.HasFocus(9001) | Control.HasFocus(8999)]">
				<effect type="fade" start="100" end="0" time="100" delay="250" />
				<effect type="slide" tween="circle" easing="in" start="0,0" end="-500,0" time="350" />
			</animation>
			<control type="button" id="8999">
				<description>Fake button for mouse control</description>
				<label>-</label>
				<font>-</font>
				<texturenofocus>-</texturenofocus>
				<texturefocus>-</texturefocus>
				<visible>true</visible>
			</control>
			<control type="button" id="9001">
				<left>250</left>
				<top>260</top>
				<width>42</width>
				<height>128</height>
				<font>-</font>
				<texturefocus>HasSub.png</texturefocus>
				<texturenofocus>HasSub.png</texturenofocus>
			</control>

			<control type="image">
				<posx>-1</posx>
				<posy>0</posy>
				<width>512</width>
				<height>1080</height>
				<texture border="0,0,30,0">common/ViewMenu.png</texture>
			</control>
			<control type="grouplist" id="9000">
				<posx>1</posx>
				<posy>60</posy>
				<width>500</width>
				<height>1120</height>
				<itemgap>0</itemgap>
				<onleft>9000</onleft>
				<onright>50</onright>
				<onup>9000</onup>
				<ondown>9000</ondown>
				<scrolltime>200</scrolltime>
				<orientation>vertical</orientation>
				<control type="label" id="200">
					<textcolor>Highlight</textcolor>
					<textoffsetx>10</textoffsetx>
					<align>left</align>
					<include>9000ViewButtons</include>
					<label>33063</label>
				</control>
				<control type="button" id="100">
					<description>Channels</description>
					<include>9000SysButtons</include>
					<label>19019</label> 
					<onclick condition="Window.IsActive(TVChannels) | Window.IsActive(RadioChannels)">NextChannelGroup</onclick> 
					<onclick condition="IsEmpty(Window.Property(IsRadio))">ActivateWindow(TVChannels)</onclick> 
					<onclick condition="!IsEmpty(Window.Property(IsRadio))">ActivateWindow(RadioChannels)</onclick> 
				</control>
				<control type="button" id="101">
					<description>TV Guide</description>
					<include>9000SysButtons</include>
					<label>22020</label> 
					<onclick condition="Window.IsActive(TVGuide) | Window.IsActive(RadioGuide)">NextChannelGroup</onclick> 
					<onclick condition="IsEmpty(Window.Property(IsRadio))">ActivateWindow(TVGuide)</onclick> 
					<onclick condition="!IsEmpty(Window.Property(IsRadio))">ActivateWindow(RadioGuide)</onclick> 
				</control>
				<control type="button" id="102">
					<description>Recordings</description>
					<include>9000SysButtons</include>
					<label>19163</label> 
					<onclick condition="IsEmpty(Window.Property(IsRadio))">ActivateWindow(TVRecordings)</onclick> 
					<onclick condition="!IsEmpty(Window.Property(IsRadio))">ActivateWindow(RadioRecordings)</onclick> 
				</control>
				<control type="button" id="103">
					<description>Timers</description>
					<include>9000SysButtons</include>
					<label>19040</label> 
					<onclick condition="IsEmpty(Window.Property(IsRadio))">ActivateWindow(TVTimers)</onclick> 
					<onclick condition="!IsEmpty(Window.Property(IsRadio))">ActivateWindow(RadioTimers)</onclick> 
				</control>
				<control type="button" id="104">
					<description>Search</description>
					<include>9000SysButtons</include>
					<label>137</label> 
					<onclick condition="IsEmpty(Window.Property(IsRadio))">ActivateWindow(TVSearch)</onclick> 
					<onclick condition="!IsEmpty(Window.Property(IsRadio))">ActivateWindow(RadioSearch)</onclick> 
				</control>
				<control type="label" id="201">
					<textcolor>Highlight</textcolor>
					<textoffsetx>10</textoffsetx>
					<align>left</align>
					<include>9000ViewButtons</include>
					<label>31006</label>
				</control>
        <control type="button" id="28"> 
          <description>Channel Groups</description> 
          <include>9000SysButtons</include>
          <label>-</label> 
        </control> 
        <control type="radiobutton" id="31"> 
          <description>Filter</description> 
          <include>9000SysButtons</include>
          <label>587</label>
          <visible>Window.IsActive(TVChannels) | Window.IsActive(RadioChannels)</visible> 
        </control> 
        <control type="radiobutton" id="5"> 
          <description>Group recording items by folder structure</description> 
          <include>9000SysButtons</include> 
          <label>19270</label> 
          <visible>Window.IsActive(TVRecordings) | Window.IsActive(RadioRecordings)</visible> 
        </control> 
        <control type="radiobutton" id="6"> 
          <description>Show hidden channels</description> 
          <include>9000SysButtons</include> 
          <label>19051</label> 
          <visible>Window.IsActive(TVChannels) | Window.IsActive(RadioChannels)</visible> 
        </control> 
                <control type="radiobutton" id="7"> 
          <description>Show deleted recordings</description> 
          <include>9000SysButtons</include> 
          <label>19184</label> 
          <visible>Window.IsActive(TVRecordings) | Window.IsActive(RadioRecordings)</visible> 
        </control> 

				<control type="button" id="2"> 
					<description>View As button</description> 
					<include>9000SysButtons</include> 
					<label>-</label> 
					<!-- <visible>Window.IsActive(TVGuide) | Window.IsActive(RadioGuide)</visible> --> 
				</control> 
				<control type="button" id="3"> 
					<description>Sort by button</description> 
					<include>9000SysButtons</include> 
					<label>103</label> 
				</control> 
				<control type="togglebutton" id="4"> 
					<description>Sort asc</description> 
					<include>9000SysButtons</include> 
					<alttexturefocus border="5">button-focus.png</alttexturefocus> 
					<alttexturenofocus>-</alttexturenofocus> 
					<label>31051</label> 
					<altlabel>31050</altlabel> 
					<usealttexture>Container.SortDirection(Ascending)</usealttexture> 
				</control> 
			</control>
		</control>
	</include>
  <!-- EPG TIMELINE -->
  <include name="EPGTimelineView">
		<control type="group">
			<description>TV Guide Timeline</description>
			<visible>Control.IsVisible(10)</visible>
			<include>VisibleFadeEffect</include>
			<control type="epggrid" id="10">
			<viewtype label="19032">list</viewtype> 
				<description>EPG Grid</description> 
				<posx>60</posx>
				<posy>275</posy>
				<width>1800</width>
				<height>705</height>
				<pagecontrol>10</pagecontrol>
				<scrolltime>350</scrolltime>
				<timeblocks>40</timeblocks>
				<rulerunit>6</rulerunit>
				<onleft>101</onleft>
				<onright>101</onright>
				<onup>10</onup>
				<ondown>10</ondown>
				<!-- commented out the next line below so it is possible to exit Timeline with backspace -->
				<!-- <onback>101</onback> -->
				<rulerlayout height="80" width="60">
					<control type="image" id="1" description="Header row">
						<width>60</width>
						<height>80</height>
						<posx>0</posx>
						<posy>0</posy>
						<texture>-</texture>
					</control>
					<control type="label" id="2">
						<posx>10</posx>
						<posy>0</posy>
						<width>58</width>
						<height>80</height>
						<aligny>center</aligny>
						<align>left</align>
						<font>Details</font>
						<label>$INFO[ListItem.Label]</label>
					</control>
				</rulerlayout>
				<progresstexture border="0,96,18,14">img/EPGMarker.png</progresstexture>
				<channellayout height="78" width="420">
					<control type="image" id="1" description="Column 1">
						<posx>0</posx>
						<posy>0</posy>
						<width>420</width>
						<height>78</height>
						<bordersize>1</bordersize>
						<texture>img/BlackDotT.png</texture>
					</control>
					<control type="label">
							<left>0</left>
						<posx>35</posx>
						<posy>0</posy>
						<width>70</width>
						<height>78</height>
						<font>Details</font>
						<align>center</align>
						<info>ListItem.ChannelNumberLabel</info>
					</control>
					<control type="label" id="1" description="Column 1 selected">
						<visible>!Skin.HasSetting(HideEPGLogos)</visible>
						<posx>80</posx>
						<width>258</width>
						<height>78</height>
						<font>Details</font>
						<label>$INFO[ListItem.ChannelName]</label>
					</control>
					<control type="label" id="1" description="Column 1 selected">
						<visible>Skin.HasSetting(HideEPGLogos)</visible>
						<posx>80</posx>
						<width>335</width>
						<height>78</height>
						<font>Details</font>
						<label>$INFO[ListItem.ChannelName]</label>
					</control>
					<control type="image" description="Channel Logo">
						<visible>!Skin.HasSetting(HideEPGLogos)</visible>
						<posx>345</posx>
						<posy>4</posy>
						<width>70</width>
						<height>70</height>
						<aspectratio>keep</aspectratio>
						<texture>$INFO[ListItem.Icon]</texture>
					</control>
				</channellayout>
				<focusedchannellayout height="78" width="420">
					<control type="image" id="1" description="Column 1">
						<posx>0</posx>
						<posy>0</posy>
						<width>420</width>
						<height>78</height>
						<bordersize>1</bordersize>
						<texture>img/BlackDotT.png</texture>
					</control>
					<control type="label" description="Column 1 FO">
							<left>0</left>
						<posx>35</posx>
						<posy>0</posy>
						<width>70</width>
						<height>78</height>
						<font>Details</font>
						<align>center</align>
						<aligny>center</aligny>
						<textcolor>White2</textcolor>
						<info>ListItem.ChannelNumberLabel</info>
					</control>
					<control type="label" id="1" description="Column 1 Focused">
						<visible>!Skin.HasSetting(HideEPGLogos)</visible>
						<posx>80</posx>
						<width>258</width>
						<height>78</height>
						<font>Details</font>
						<textcolor>White2</textcolor>
						<aligny>center</aligny>
						<align>left</align>
						<label>$INFO[ListItem.ChannelName]</label>
					</control>
					<control type="label" id="1" description="Column 1 selected">
						<visible>Skin.HasSetting(HideEPGLogos)</visible>
						<posx>80</posx>
						<width>335</width>
						<height>78</height>
						<font>Details</font>
						<label>$INFO[ListItem.ChannelName]</label>
					</control>
					<control type="image" description="Channel Logo">
						<visible>!Skin.HasSetting(HideEPGLogos)</visible>
						<posx>345</posx>
						<posy>4</posy>
						<width>70</width>
						<height>70</height>
						<aspectratio>keep</aspectratio>
						<texture>$INFO[ListItem.Icon]</texture>
					</control>
				</focusedchannellayout>
				<itemlayout height="78" width="60">
				    <control type="image" id="3" description="Row">
						<posx>0</posx>
						<posy>0</posy>
						<width>60</width>
						<height>78</height>
						<bordersize>1</bordersize>
						<texture>pvr_genres/0.png</texture>
					</control>
					<control type="image" id="2" description="Row">
						<posx>0</posx>
						<posy>0</posy>
						<width>60</width>
						<height>78</height>
						<bordersize>1</bordersize>
						<texture>pvr_genres/$INFO[ListItem.Property(GenreType)].png</texture>
					</control>
					<control type="label" id="1">
						<posx>9</posx>
						<posy>0</posy>
						<width>45</width>
						<height>78</height>
						<font>Details</font>
						<scroll>false</scroll>
						<info>ListItem.Label</info>
					</control>
					<control type="image">
						<posx>9</posx>
						<posy>58</posy>
						<width>14</width>
						<height>14</height>
						<texture>$VAR[PVROverlay]</texture>
						<aspectratio>keep</aspectratio>
					</control>
				</itemlayout>
				<focusedlayout height="78" width="60">
				    <control type="image" id="14">
					  <posx>0</posx>
					  <posy>0</posy>
					  <width>60</width>
					  <height>78</height>
					  <texture border="5">img/FrameSlim.png</texture>
					</control>
					<control type="image" id="2" description="Row">
						<posx>0</posx>
						<posy>0</posy>
						<width>60</width>
						<height>78</height>
						<texture>pvr_genres/$INFO[ListItem.Property(GenreType)].png</texture>
						<bordertexture border="5">img/FrameSlim.png</bordertexture>
					</control>
					<control type="label" id="1">
						<posx>9</posx>
						<posy>0</posy>
						<width>45</width>
						<height>78</height>
						<font>Details</font>
						<textcolor>White2</textcolor>
						<info>ListItem.Label</info>
					</control>
					<control type="image">
						<posx>9</posx>
						<posy>58</posy>
						<width>14</width>
						<height>14</height>
						<texture>$VAR[PVROverlay]</texture>
						<aspectratio>keep</aspectratio>
					</control>
				</focusedlayout>
			</control>
			<control type="image" description="Top split">
				<posx>60</posx>
				<posy>345</posy>
				<width>1800</width>
				<height>2</height>
				<texture>img/LineST.png</texture>
			</control>
			<control type="image" description="Middle split">
				<posx>60</posx>
				<posy>977</posy>
				<width>1800</width>
				<height>2</height>
				<texture>img/LineST.png</texture>
			</control>
			<control type="group">
				<posx>60</posx>
				<posy>1008</posy>
				<control type="label">
					<posx>0</posx>
					<posy>0</posy>
					<width>1740</width>
					<height>40</height>
					<aligny>center</aligny>
					<align>left</align>
					<scroll>false</scroll>
					<label>[COLOR=Highlight]$INFO[ListItem.Label][/COLOR]$INFO[ListItem.Genre,  -  ,  -]  [COLOR=Grey]$INFO[ListItem.StartTime,( ,  -  ]$INFO[ListItem.EndTime,, )][/COLOR]</label>
				</control>
			</control>
		</control>
	</include>
</includes>
